category,password,length,character_pool_size,entropy_bits,rating
AI,marwainahayj,12,26,56,Moderate
AI,dadolaillywo,12,26,56,Moderate
AI,buttlautober,12,26,56,Moderate
AI,74147258,8,10,27,Weak
AI,kionaterone,11,26,52,Moderate
AI,hesaysswort,11,26,52,Moderate
AI,tikkitalters,12,26,56,Moderate
AI,spoplesunica,12,26,56,Moderate
AI,redwaylessar,12,26,56,Moderate
AI,muffy,5,26,24,Weak
AI,passinat,8,26,38,Weak
AI,nikardog,8,26,38,Weak
AI,naldiert,8,26,38,Weak
AI,flyntine,8,26,38,Weak
AI,planeyoresan,12,26,56,Moderate
AI,berseyou,8,26,38,Weak
AI,ickeety1,8,36,41,Moderate
AI,weetyuistatm,12,26,56,Moderate
AI,karloverix,10,26,47,Moderate
AI,babc123abc12,12,36,62,Strong
AI,anasperplay,11,26,52,Moderate
AI,leou!,5,58,29,Weak
AI,cherbigustor,12,26,56,Moderate
AI,cheaurpley,10,26,47,Moderate
AI,shadyboxavin,12,26,56,Moderate
AI,angellipenfl,12,26,56,Moderate
AI,frelivers,9,26,42,Moderate
AI,amondsexandy,12,26,56,Moderate
AI,shallinald,10,26,47,Moderate
AI,hoenadbow,9,26,42,Moderate
AI,kitasexyguel,12,26,56,Moderate
AI,987654321231,12,10,40,Moderate
AI,berodres,8,26,38,Weak
AI,litneyele,9,26,42,Moderate
AI,chesswores,10,26,47,Moderate
AI,daniterflon,11,26,52,Moderate
AI,fucrentik,9,26,42,Moderate
AI,deeandolabc,11,26,52,Moderate
AI,darlergember,12,26,56,Moderate
AI,lovehins,8,26,38,Weak
AI,wharixierman,12,26,56,Moderate
AI,gabybarraygi,12,26,56,Moderate
AI,mardassa,8,26,38,Weak
AI,candadles,9,26,42,Moderate
AI,ancenriamagr,12,26,56,Moderate
AI,simmatinny1,11,36,57,Moderate
AI,mersimones1,11,36,57,Moderate
AI,999999999999,12,10,40,Moderate
AI,sebhelovel1,11,36,57,Moderate
AI,tedookisa,9,26,42,Moderate
AI,amightossey,11,26,52,Moderate
AI,123qweenier,11,36,57,Moderate
AI,pletintianda,12,26,56,Moderate
AI,kasonesidnes,12,26,56,Moderate
AI,nielawren,9,26,42,Moderate
AI,coogeren,8,26,38,Weak
AI,lertucky,8,26,38,Weak
AI,sparyjame,9,26,42,Moderate
AI,dua123789456,12,36,62,Strong
AI,rartheld,8,26,38,Weak
AI,scou1,5,36,26,Weak
AI,bristureddy,11,26,52,Moderate
AI,niopoggerflo,12,26,56,Moderate
AI,jussitthareb,12,26,56,Moderate
AI,preinkey,8,26,38,Weak
AI,888888888888,12,10,40,Moderate
AI,puper1,6,36,31,Weak
AI,love1232123,11,36,57,Moderate
AI,mangersel,9,26,42,Moderate
AI,juliakers,9,26,42,Moderate
AI,camiandavist,12,26,56,Moderate
AI,mysgireessyc,12,26,56,Moderate
AI,a12345678945,12,36,62,Strong
AI,shletmembaby,12,26,56,Moderate
AI,147258360,9,10,30,Weak
AI,collinital,10,26,47,Moderate
AI,123123131233,12,10,40,Moderate
AI,andsabighjkl,12,26,56,Moderate
AI,ilmadbondrea,12,26,56,Moderate
AI,wereannitorg,12,26,56,Moderate
AI,123456a,7,36,36,Weak
AI,cemidadin,9,26,42,Moderate
AI,fraceyoura,10,26,47,Moderate
AI,qwellidariah,12,26,56,Moderate
AI,trielizacit,11,26,52,Moderate
AI,iubbyder,8,26,38,Weak
AI,sielove1,8,36,41,Moderate
AI,rannoogirist,12,26,56,Moderate
AI,parichen,8,26,38,Weak
AI,shople123333,12,36,62,Strong
AI,peagookethoc,12,26,56,Moderate
AI,poohockmes,10,26,47,Moderate
AI,marfasuker,10,26,47,Moderate
AI,nuelitace,9,26,42,Moderate
AI,jandyspar,9,26,42,Moderate
AI,gellaisay,9,26,42,Moderate
AI,987654321234,12,10,40,Moderate
AI,snony1,6,36,31,Weak
AI,illieriss,9,26,42,Moderate
AI,aldoweet16,10,36,52,Moderate
Random,3KoECllQ2aJS,12,62,71,Strong
Random,0c0Fno0s$#pg,12,94,79,Strong
Random,(L83Em(Jw7b0,12,94,79,Strong
Random,ZnUkWWuuSnje,12,52,68,Strong
Random,6IEiOcI(MBb0,12,94,79,Strong
Random,Kh!CzU$FTg3$,12,94,79,Strong
Random,6$xCm9g&c2AB,12,94,79,Strong
Random,SzoEmldYS6I4,12,62,71,Strong
Random,urNrOpHw0WCQ,12,62,71,Strong
Random,CFPybI(a#In^,12,84,77,Strong
Random,PR7^AbSF%b!E,12,94,79,Strong
Random,*9BtXPmaLP@u,12,94,79,Strong
Random,3rEHR%mgMZM!,12,94,79,Strong
Random,b1vj!3opRAzi,12,94,79,Strong
Random,bClxotqD8^sj,12,94,79,Strong
Random,^Ux#D(DClf1A,12,94,79,Strong
Random,aRLixTo9V&P2,12,94,79,Strong
Random,lPnJ7Tr7gAUR,12,62,71,Strong
Random,e*DMvn)WMp!e,12,84,77,Strong
Random,b@XBCzh0cDI#,12,94,79,Strong
Random,jO0w7Fyt(VTZ,12,94,79,Strong
Random,xL0QDV&m1Y%l,12,94,79,Strong
Random,oQDJUZ#qSYfe,12,84,77,Strong
Random,U4yGNjeIVnq1,12,62,71,Strong
Random,RF7BXNGfb!8i,12,94,79,Strong
Random,oX*LBYuIXjb1,12,94,79,Strong
Random,a9Vz9VCdQ9Ky,12,62,71,Strong
Random,TVtnk6@^dMZ9,12,94,79,Strong
Random,12nAyc$7bgZ2,12,94,79,Strong
Random,#)KNmasvuU&n,12,84,77,Strong
Random,ZRN&gPLo7Wyz,12,94,79,Strong
Random,DGPi67nBAJu@,12,94,79,Strong
Random,iCBX&7onzbUS,12,94,79,Strong
Random,xqTLH^Z&Qo67,12,94,79,Strong
Random,Qh&sep4c3)rL,12,94,79,Strong
Random,S(!#!zvgVgG&,12,84,77,Strong
Random,iShIlwRZUEzb,12,52,68,Strong
Random,Rl!AVA#6xoxX,12,94,79,Strong
Random,J*UwaMO4KxDj,12,94,79,Strong
Random,i$WTRsvOc@hA,12,84,77,Strong
Random,&TJ5clmqtbR9,12,94,79,Strong
Random,Ri#i(Qsm0bW(,12,94,79,Strong
Random,WHj3NzNiUA(t,12,94,79,Strong
Random,e(L9S*@D2E(T,12,94,79,Strong
Random,mQW6qjr$)AgU,12,94,79,Strong
Random,H*#t9dHNUdiB,12,94,79,Strong
Random,*j@9NUwl3!vD,12,94,79,Strong
Random,^PiUGm!(BOmq,12,84,77,Strong
Random,8!^v!@v4TsjX,12,94,79,Strong
Random,3HVB1kcJaN7$,12,94,79,Strong
Random,nIUp3PIrB^Zl,12,94,79,Strong
Random,FNboviFsrH)D,12,84,77,Strong
Random,b#P^APwzg3K*,12,94,79,Strong
Random,65AZgX2B58EK,12,62,71,Strong
Random,^RAs6ZN3S&Ml,12,94,79,Strong
Random,mc9s5NiRzT9!,12,94,79,Strong
Random,NQjku*iQNK51,12,94,79,Strong
Random,Ah4yhww!TOi%,12,94,79,Strong
Random,08HdMJJ%ZjT!,12,94,79,Strong
Random,X@R0x6YKXZ^Y,12,94,79,Strong
Random,2Wnxv3p7Epb$,12,94,79,Strong
Random,AMnm$i8DkcPa,12,94,79,Strong
Random,Z613iEnNhq3T,12,62,71,Strong
Random,)J3bn8rIAE&4,12,94,79,Strong
Random,oPEfvep!!UYg,12,84,77,Strong
Random,z2jRv7G*7Iw6,12,94,79,Strong
Random,&qB@D!hTi7C^,12,94,79,Strong
Random,bll%PQeZUqFA,12,84,77,Strong
Random,G@F6vp$*kU!y,12,94,79,Strong
Random,yL$9Y4iYWWo7,12,94,79,Strong
Random,iuWvIgoDR@6X,12,94,79,Strong
Random,WkBFjFVFR03C,12,62,71,Strong
Random,a6CtI0iHcoaY,12,62,71,Strong
Random,@xuKdUAG1IY7,12,94,79,Strong
Random,PSr5d17skwwU,12,62,71,Strong
Random,#IyoYzmnF))K,12,84,77,Strong
Random,)$tH&ZqCBsAk,12,84,77,Strong
Random,pAWnRG96cGQ0,12,62,71,Strong
Random,DOYZ45u^PZfg,12,94,79,Strong
Random,JpLaAPd8OUzx,12,62,71,Strong
Random,0!K7^YE!Z)i5,12,94,79,Strong
Random,1rYs)lxTwYas,12,94,79,Strong
Random,WttDmYR*pPS#,12,84,77,Strong
Random,MS#QiRFh2#R$,12,94,79,Strong
Random,Mls%oB0X8YU8,12,94,79,Strong
Random,Kw1w1uU9jUOT,12,62,71,Strong
Random,iKUiIR(!ex4I,12,94,79,Strong
Random,HU$%p)2s%WYK,12,94,79,Strong
Random,0cDBP@BKJsp),12,94,79,Strong
Random,$MZ#TC!zxhc%,12,84,77,Strong
Random,!J7@zf5DFvMS,12,94,79,Strong
Random,OeewO4H6i*x4,12,94,79,Strong
Random,EaF8H8@K@CLL,12,94,79,Strong
Random,8IJU8XW#NQUi,12,94,79,Strong
Random,R%N3vuqtxnYA,12,94,79,Strong
Random,0F@HZh@zNQSK,12,94,79,Strong
Random,nuJSIT1YjPe#,12,94,79,Strong
Random,sJaX@NXhgnwQ,12,84,77,Strong
Random,DXBAfakx!Mjm,12,84,77,Strong
Random,ii%F4YUvfusH,12,94,79,Strong
User,jennifer,8,26,38,Weak
User,alexander,9,26,42,Moderate
User,barcelona,9,26,42,Moderate
User,chiquita,8,26,38,Weak
User,anthony1,8,36,41,Moderate
User,friendship,10,26,47,Moderate
User,johncena,8,26,38,Weak
User,softball,8,26,38,Weak
User,tazmania,8,26,38,Weak
User,elephant,8,26,38,Weak
User,ilovegod,8,26,38,Weak
User,mahalkita,9,26,42,Moderate
User,88888888,8,10,27,Weak
User,katherine,9,26,42,Moderate
User,sunshine,8,26,38,Weak
User,789456123,9,10,30,Weak
User,estrellita,10,26,47,Moderate
User,superman,8,26,38,Weak
User,cristian,8,26,38,Weak
User,skittles,8,26,38,Weak
User,147258369,9,10,30,Weak
User,scoobydoo,9,26,42,Moderate
User,babygirl1,9,36,47,Moderate
User,sexybitch,9,26,42,Moderate
User,cocacola,8,26,38,Weak
User,michelle,8,26,38,Weak
User,snickers,8,26,38,Weak
User,whatever,8,26,38,Weak
User,remember,8,26,38,Weak
User,lollypop,8,26,38,Weak
User,benjamin,8,26,38,Weak
User,rockstar,8,26,38,Weak
User,hollywood,9,26,42,Moderate
User,christine,9,26,42,Moderate
User,liverpool,9,26,42,Moderate
User,alejandra,9,26,42,Moderate
User,basketball,10,26,47,Moderate
User,darkangel,9,26,42,Moderate
User,sweetness,9,26,42,Moderate
User,12345678,8,10,27,Weak
User,elizabeth,9,26,42,Moderate
User,bestfriends,11,26,52,Moderate
User,courtney,8,26,38,Weak
User,iloveyou,8,26,38,Weak
User,isabella,8,26,38,Weak
User,jesucristo,10,26,47,Moderate
User,jonathan,8,26,38,Weak
User,catalina,8,26,38,Weak
User,sexymama,8,26,38,Weak
User,stephanie,9,26,42,Moderate
User,football,8,26,38,Weak
User,jasmine1,8,36,41,Moderate
User,jessica1,8,36,41,Moderate
User,shopping,8,26,38,Weak
User,00000000,8,10,27,Weak
User,babyface,8,26,38,Weak
User,brittany,8,26,38,Weak
User,babydoll,8,26,38,Weak
User,francisco,9,26,42,Moderate
User,twilight,8,26,38,Weak
User,milagros,8,26,38,Weak
User,christian,9,26,42,Moderate
User,linkinpark,10,26,47,Moderate
User,diamonds,8,26,38,Weak
User,harrypotter,11,26,52,Moderate
User,sunflower,9,26,42,Moderate
User,garfield,8,26,38,Weak
User,bubbles1,8,36,41,Moderate
User,alexandra,9,26,42,Moderate
User,sweetpea,8,26,38,Weak
User,maryjane,8,26,38,Weak
User,savannah,8,26,38,Weak
User,samantha,8,26,38,Weak
User,teiubesc,8,26,38,Weak
User,carebear,8,26,38,Weak
User,123456789,9,10,30,Weak
User,buttercup,9,26,42,Moderate
User,michelle1,9,36,47,Moderate
User,danielle,8,26,38,Weak
User,ilovejesus,10,26,47,Moderate
User,741852963,9,10,30,Weak
User,angelina,8,26,38,Weak
User,charlotte,9,26,42,Moderate
User,santiago,8,26,38,Weak
User,strawberry,10,26,47,Moderate
User,billabong,9,26,42,Moderate
User,matthew1,8,36,41,Moderate
User,leonardo,8,26,38,Weak
User,lollipop,8,26,38,Weak
User,babyblue,8,26,38,Weak
User,pineapple,9,26,42,Moderate
User,kimberly,8,26,38,Weak
User,september,9,26,42,Moderate
User,0123456789,10,10,33,Weak
User,11111111,8,10,27,Weak
User,cutiepie,8,26,38,Weak
User,password2,9,36,47,Moderate
User,cristina,8,26,38,Weak
User,patricia,8,26,38,Weak
User,123123123,9,10,30,Weak
